{
    "header": {
        "seq": 7497,
        "stamp": {
            "secs": 0,
            "nsecs": 0
        },
        "frame_id": ""
    },
    "scenario_name": "Random",
    "robot_start_pose": {
        "position": {
            "x": -5.957125663757324,
            "y": -12.275540351867676,
            "z": 0.0
        },
        "orientation": {
            "x": -0.0,
            "y": 0.0,
            "z": -0.0,
            "w": -1.0
        }
    },
    "robot_target_pose": {
        "position": {
            "x": 3.9189205169677734,
            "y": -12.07991886138916,
            "z": 0.0
        },
        "orientation": {
            "x": -0.0,
            "y": 0.0,
            "z": -0.0,
            "w": -1.0
        }
    },
    "num_people": 1,
    "num_groups": 0,
    "environment": "SmallWarehouse"
}