{
    "header": {
        "seq": 1009,
        "stamp": {
            "secs": 0,
            "nsecs": 0
        },
        "frame_id": ""
    },
    "scenario_name": "Random",
    "robot_start_pose": {
        "position": {
            "x": -6.328387260437012,
            "y": -11.876720428466797,
            "z": 0.0
        },
        "orientation": {
            "x": -0.0,
            "y": 0.0,
            "z": -0.0,
            "w": -1.0
        }
    },
    "robot_target_pose": {
        "position": {
            "x": 3.9911692142486572,
            "y": -11.965520858764648,
            "z": 0.0
        },
        "orientation": {
            "x": -0.0,
            "y": 0.0,
            "z": -0.0,
            "w": -1.0
        }
    },
    "num_people": 1,
    "num_groups": 0,
    "environment": "SmallWarehouse"
}