{
    "header": {
        "seq": 3471,
        "stamp": {
            "secs": 0,
            "nsecs": 0
        },
        "frame_id": ""
    },
    "scenario_name": "Random",
    "robot_start_pose": {
        "position": {
            "x": -6.167956352233887,
            "y": -11.887616157531738,
            "z": 0.0
        },
        "orientation": {
            "x": -0.0,
            "y": 0.0,
            "z": -0.0,
            "w": -1.0
        }
    },
    "robot_target_pose": {
        "position": {
            "x": 4.055321216583252,
            "y": -12.004916191101074,
            "z": 0.0
        },
        "orientation": {
            "x": -0.0,
            "y": 0.0,
            "z": -0.0,
            "w": -1.0
        }
    },
    "num_people": 1,
    "num_groups": 0,
    "environment": "SmallWarehouse"
}