{
    "header": {
        "seq": 8292,
        "stamp": {
            "secs": 0,
            "nsecs": 0
        },
        "frame_id": ""
    },
    "scenario_name": "Random",
    "robot_start_pose": {
        "position": {
            "x": -5.956746578216553,
            "y": -11.82591724395752,
            "z": 0.0
        },
        "orientation": {
            "x": -0.0,
            "y": 0.0,
            "z": -0.0,
            "w": -1.0
        }
    },
    "robot_target_pose": {
        "position": {
            "x": 3.7819621562957764,
            "y": -11.836102485656738,
            "z": 0.0
        },
        "orientation": {
            "x": -0.0,
            "y": 0.0,
            "z": -0.0,
            "w": -1.0
        }
    },
    "num_people": 1,
    "num_groups": 0,
    "environment": "SmallWarehouse"
}