{
    "header": {
        "seq": 4010,
        "stamp": {
            "secs": 0,
            "nsecs": 0
        },
        "frame_id": ""
    },
    "scenario_name": "Random",
    "robot_start_pose": {
        "position": {
            "x": -5.792888641357422,
            "y": -12.13837718963623,
            "z": 0.0
        },
        "orientation": {
            "x": -0.0,
            "y": 0.0,
            "z": -0.0,
            "w": -1.0
        }
    },
    "robot_target_pose": {
        "position": {
            "x": 4.239916801452637,
            "y": -11.956228256225586,
            "z": 0.0
        },
        "orientation": {
            "x": -0.0,
            "y": 0.0,
            "z": -0.0,
            "w": -1.0
        }
    },
    "num_people": 1,
    "num_groups": 0,
    "environment": "SmallWarehouse"
}